{
  "exp_name": "aug_full_blur",
  "collapse": {
    "mean_std": 0.022703029215335846,
    "dead_dims": 0,
    "effective_rank": 308.9874572753906,
    "singular_values": [
      16.09490966796875,
      12.844744682312012,
      11.922307968139648,
      11.042840957641602,
      10.485934257507324,
      9.832392692565918,
      9.634103775024414,
      8.692841529846191,
      8.227758407592773,
      7.681061267852783,
      7.503986835479736,
      7.2459540367126465,
      7.070561408996582,
      7.057434558868408,
      6.90234899520874,
      6.66063928604126,
      6.515637397766113,
      6.374521255493164,
      6.312263011932373,
      6.014415740966797
    ]
  },
  "separation": {
    "silhouette_score": 0.047717321664094925,
    "davies_bouldin_index": 4.930163407988724
  },
  "uniformity": -1.0773611068725586
}