{
  "exp_name": "backbone_resnet18",
  "collapse": {
    "mean_std": 0.0222025066614151,
    "dead_dims": 0,
    "effective_rank": 306.60321044921875,
    "singular_values": [
      16.239431381225586,
      13.166830062866211,
      11.761034965515137,
      11.153752326965332,
      9.825973510742188,
      9.441485404968262,
      9.214590072631836,
      8.472976684570312,
      8.067575454711914,
      7.597307205200195,
      7.243168830871582,
      7.111353874206543,
      6.882933139801025,
      6.754844665527344,
      6.6518731117248535,
      6.480452060699463,
      6.221884250640869,
      6.0763397216796875,
      5.988499641418457,
      5.724409580230713
    ]
  },
  "separation": {
    "silhouette_score": 0.04282275214791298,
    "davies_bouldin_index": 4.780212535318013
  },
  "uniformity": -1.0276378393173218
}