{
  "exp_name": "proj_2layer",
  "collapse": {
    "mean_std": 0.022410398349165916,
    "dead_dims": 0,
    "effective_rank": 308.5509033203125,
    "singular_values": [
      16.796239852905273,
      13.164342880249023,
      11.480389595031738,
      11.003669738769531,
      10.02639389038086,
      9.712870597839355,
      9.517088890075684,
      8.401488304138184,
      8.102005004882812,
      7.730679035186768,
      7.333449363708496,
      7.226222991943359,
      7.136144638061523,
      6.857007026672363,
      6.617297172546387,
      6.514857769012451,
      6.335846900939941,
      6.151499271392822,
      5.983198642730713,
      5.933684349060059
    ]
  },
  "separation": {
    "silhouette_score": 0.04245700687170029,
    "davies_bouldin_index": 4.904738601464868
  },
  "uniformity": -1.0535389184951782
}