{
  "exp_name": "temp_050",
  "collapse": {
    "mean_std": 0.026417214423418045,
    "dead_dims": 0,
    "effective_rank": 254.46688842773438,
    "singular_values": [
      25.61270523071289,
      18.606285095214844,
      17.621950149536133,
      16.814451217651367,
      14.477652549743652,
      13.352662086486816,
      13.131845474243164,
      11.153368949890137,
      10.990214347839355,
      10.131941795349121,
      9.934667587280273,
      9.246794700622559,
      8.76121711730957,
      8.17409610748291,
      7.966800689697266,
      7.5316596031188965,
      7.270895481109619,
      6.778408527374268,
      6.296550273895264,
      6.068934917449951
    ]
  },
  "separation": {
    "silhouette_score": 0.13683907687664032,
    "davies_bouldin_index": 2.9979705298833847
  },
  "uniformity": -1.4184495210647583
}