{
  "exp_name": "aug_crop_only",
  "collapse": {
    "mean_std": 0.027209490537643433,
    "dead_dims": 0,
    "effective_rank": 302.2209167480469,
    "singular_values": [
      16.614532470703125,
      15.020371437072754,
      14.040257453918457,
      13.655674934387207,
      12.852279663085938,
      11.985381126403809,
      11.59753131866455,
      11.080146789550781,
      10.598930358886719,
      10.340361595153809,
      10.237273216247559,
      9.920401573181152,
      9.69076919555664,
      9.233275413513184,
      9.011785507202148,
      8.76784610748291,
      8.587775230407715,
      8.020967483520508,
      7.859097957611084,
      7.783318519592285
    ]
  },
  "separation": {
    "silhouette_score": -0.02010241150856018,
    "davies_bouldin_index": 10.31569750263423
  },
  "uniformity": -1.508515477180481
}