{
  "exp_name": "loss_simsiam",
  "collapse": {
    "mean_std": 0.019363999366760254,
    "dead_dims": 74,
    "effective_rank": 209.9537353515625,
    "singular_values": [
      43.57933807373047,
      17.558259963989258,
      10.31057071685791,
      5.576026916503906,
      3.2999918460845947,
      3.040459632873535,
      2.678309202194214,
      2.578303813934326,
      2.1563351154327393,
      1.8870145082473755,
      1.82523775100708,
      1.7360267639160156,
      1.5838968753814697,
      1.4658148288726807,
      1.388306975364685,
      1.3514484167099,
      1.311763882637024,
      1.261802315711975,
      1.2550245523452759,
      1.2405192852020264
    ]
  },
  "separation": {
    "silhouette_score": -0.32204875349998474,
    "davies_bouldin_index": 12.99932892661561
  },
  "uniformity": -0.5883907079696655
}