{
  "exp_name": "aug_crop_color",
  "collapse": {
    "mean_std": 0.023442760109901428,
    "dead_dims": 0,
    "effective_rank": 306.2569274902344,
    "singular_values": [
      16.5568790435791,
      13.444870948791504,
      12.30074405670166,
      11.740312576293945,
      11.224597930908203,
      10.384725570678711,
      10.059211730957031,
      9.723209381103516,
      9.112805366516113,
      8.80648136138916,
      8.235722541809082,
      8.090954780578613,
      7.60921573638916,
      7.339406967163086,
      7.060351848602295,
      6.828515529632568,
      6.726315975189209,
      6.454845905303955,
      6.209358215332031,
      6.143620014190674
    ]
  },
  "separation": {
    "silhouette_score": 0.025432869791984558,
    "davies_bouldin_index": 5.504040456248825
  },
  "uniformity": -1.1479688882827759
}