{
  "exp_name": "batch_512",
  "collapse": {
    "mean_std": 0.02279607765376568,
    "dead_dims": 0,
    "effective_rank": 312.85174560546875,
    "singular_values": [
      16.48992156982422,
      13.554940223693848,
      11.963495254516602,
      11.536893844604492,
      10.43368148803711,
      9.949541091918945,
      9.591913223266602,
      9.003530502319336,
      8.334178924560547,
      7.858116149902344,
      7.599514961242676,
      7.478718280792236,
      7.208916664123535,
      7.113026142120361,
      7.031473636627197,
      6.769321441650391,
      6.478944301605225,
      6.403088092803955,
      5.9711384773254395,
      5.906260013580322
    ]
  },
  "separation": {
    "silhouette_score": 0.040263935923576355,
    "davies_bouldin_index": 4.8078369867960715
  },
  "uniformity": -1.0959776639938354
}