{
  "exp_name": "temp_007",
  "collapse": {
    "mean_std": 0.0221994761377573,
    "dead_dims": 0,
    "effective_rank": 309.8127746582031,
    "singular_values": [
      15.942865371704102,
      12.74147891998291,
      11.4928560256958,
      11.351428031921387,
      10.104333877563477,
      9.420028686523438,
      9.282731056213379,
      8.573443412780762,
      7.917183876037598,
      7.582054615020752,
      7.26996374130249,
      7.210385799407959,
      6.84054708480835,
      6.803126811981201,
      6.587608337402344,
      6.4650678634643555,
      6.179697036743164,
      6.047522068023682,
      6.02571964263916,
      5.863669395446777
    ]
  },
  "separation": {
    "silhouette_score": 0.04034780338406563,
    "davies_bouldin_index": 4.9528451942716325
  },
  "uniformity": -1.0304784774780273
}