{
  "exp_name": "batch_256",
  "collapse": {
    "mean_std": 0.02221408113837242,
    "dead_dims": 0,
    "effective_rank": 307.2090759277344,
    "singular_values": [
      16.057727813720703,
      12.863659858703613,
      11.628182411193848,
      11.061753273010254,
      10.120115280151367,
      9.538978576660156,
      9.414287567138672,
      8.431474685668945,
      8.122624397277832,
      7.621411323547363,
      7.41795539855957,
      7.096225261688232,
      6.939846992492676,
      6.894330024719238,
      6.812368869781494,
      6.483906269073486,
      6.331140995025635,
      6.133115768432617,
      6.059604644775391,
      5.805828094482422
    ]
  },
  "separation": {
    "silhouette_score": 0.04779637232422829,
    "davies_bouldin_index": 4.745726936553426
  },
  "uniformity": -1.0263755321502686
}