{
  "exp_name": "loss_barlow",
  "collapse": {
    "mean_std": 0.029365461319684982,
    "dead_dims": 28,
    "effective_rank": 260.2829895019531,
    "singular_values": [
      29.253154754638672,
      21.493999481201172,
      19.551034927368164,
      18.281457901000977,
      17.077363967895508,
      16.18151092529297,
      14.42708969116211,
      13.914237022399902,
      12.468801498413086,
      11.814784049987793,
      11.340797424316406,
      10.426058769226074,
      10.109965324401855,
      9.349200248718262,
      9.066184997558594,
      8.641375541687012,
      8.496504783630371,
      8.158960342407227,
      7.979104995727539,
      7.662127494812012
    ]
  },
  "separation": {
    "silhouette_score": 0.10159413516521454,
    "davies_bouldin_index": 3.1460191596369236
  },
  "uniformity": -1.9151113033294678
}