{
  "exp_name": "aug_color_only",
  "collapse": {
    "mean_std": 0.014770302921533585,
    "dead_dims": 13,
    "effective_rank": 263.6421203613281,
    "singular_values": [
      9.444788932800293,
      8.817280769348145,
      8.424714088439941,
      8.198174476623535,
      7.862853527069092,
      7.749595642089844,
      7.438092231750488,
      7.34032678604126,
      6.968986988067627,
      6.800854682922363,
      6.391422271728516,
      6.294133186340332,
      6.062164783477783,
      5.858187198638916,
      5.24363899230957,
      4.5634589195251465,
      4.360183238983154,
      4.220134258270264,
      3.8056938648223877,
      3.690053701400757
    ]
  },
  "separation": {
    "silhouette_score": -0.03690822422504425,
    "davies_bouldin_index": 12.772757352933237
  },
  "uniformity": -0.45605576038360596
}