{
  "exp_name": "loss_ntxent",
  "collapse": {
    "mean_std": 0.022435050457715988,
    "dead_dims": 0,
    "effective_rank": 306.1459655761719,
    "singular_values": [
      16.4696044921875,
      13.165484428405762,
      11.755951881408691,
      11.352618217468262,
      10.336320877075195,
      9.88999080657959,
      9.550189018249512,
      8.60218334197998,
      8.414152145385742,
      7.76885986328125,
      7.360719680786133,
      7.298955917358398,
      7.092601776123047,
      7.0019145011901855,
      6.733556270599365,
      6.696765422821045,
      6.342844486236572,
      6.189861297607422,
      6.096363067626953,
      5.937913417816162
    ]
  },
  "separation": {
    "silhouette_score": 0.0418730154633522,
    "davies_bouldin_index": 4.7919162569212315
  },
  "uniformity": -1.0630298852920532
}