{
  "exp_name": "backbone_resnet50",
  "collapse": {
    "mean_std": 0.008580359630286694,
    "dead_dims": 1776,
    "effective_rank": 1068.3760986328125,
    "singular_values": [
      11.296298027038574,
      9.52617359161377,
      8.523533821105957,
      8.299773216247559,
      7.3838419914245605,
      7.18129825592041,
      6.798213005065918,
      6.519689083099365,
      6.142012119293213,
      5.907905578613281,
      5.607027053833008,
      5.414953708648682,
      5.313929557800293,
      5.234837055206299,
      5.077384948730469,
      5.030939102172852,
      4.822723388671875,
      4.628017425537109,
      4.52382230758667,
      4.487844944000244
    ]
  },
  "separation": {
    "silhouette_score": 0.0365116260945797,
    "davies_bouldin_index": 5.125431511227431
  },
  "uniformity": -0.611447274684906
}