{
  "exp_name": "proj_1layer",
  "collapse": {
    "mean_std": 0.022987131029367447,
    "dead_dims": 0,
    "effective_rank": 311.9977111816406,
    "singular_values": [
      16.24027442932129,
      12.608298301696777,
      11.535002708435059,
      10.446456909179688,
      9.586525917053223,
      9.077884674072266,
      8.797286987304688,
      7.998587608337402,
      7.755809307098389,
      7.480992317199707,
      7.048666000366211,
      6.726898670196533,
      6.664083480834961,
      6.464865684509277,
      6.386481285095215,
      6.2585248947143555,
      6.006588935852051,
      5.964463710784912,
      5.852252006530762,
      5.7464141845703125
    ]
  },
  "separation": {
    "silhouette_score": 0.016734875738620758,
    "davies_bouldin_index": 5.522271310091706
  },
  "uniformity": -1.0842654705047607
}