{
  "exp_name": "temp_005",
  "collapse": {
    "mean_std": 0.021639835089445114,
    "dead_dims": 0,
    "effective_rank": 300.3769226074219,
    "singular_values": [
      15.902505874633789,
      12.805377960205078,
      11.168716430664062,
      11.04788875579834,
      10.09477710723877,
      9.224366188049316,
      9.080601692199707,
      8.254270553588867,
      8.057268142700195,
      7.770472526550293,
      7.2783894538879395,
      7.241724967956543,
      7.076828956604004,
      6.840830326080322,
      6.6250200271606445,
      6.591508865356445,
      6.472639083862305,
      6.23750638961792,
      6.1486592292785645,
      5.988916873931885
    ]
  },
  "separation": {
    "silhouette_score": 0.03651106730103493,
    "davies_bouldin_index": 5.133760280260011
  },
  "uniformity": -0.9793565273284912
}