{
  "exp_name": "backbone_resnet34",
  "collapse": {
    "mean_std": 0.018221110105514526,
    "dead_dims": 2,
    "effective_rank": 308.28265380859375,
    "singular_values": [
      12.704111099243164,
      10.252930641174316,
      9.222575187683105,
      8.991620063781738,
      7.880882263183594,
      7.779027462005615,
      7.674383640289307,
      7.434854984283447,
      6.738989353179932,
      6.457452774047852,
      6.085703372955322,
      6.052238464355469,
      5.819997787475586,
      5.67380428314209,
      5.450872421264648,
      5.267453193664551,
      5.21433687210083,
      5.0684943199157715,
      5.022426128387451,
      4.806833267211914
    ]
  },
  "separation": {
    "silhouette_score": 0.044254109263420105,
    "davies_bouldin_index": 4.907596610652754
  },
  "uniformity": -0.6969471573829651
}