{
  "exp_name": "simclr_base",
  "collapse": {
    "mean_std": 0.022384192794561386,
    "dead_dims": 0,
    "effective_rank": 307.3435974121094,
    "singular_values": [
      16.817794799804688,
      13.315149307250977,
      11.546650886535645,
      11.308024406433105,
      10.355276107788086,
      9.673802375793457,
      9.379792213439941,
      8.357416152954102,
      8.17529296875,
      7.687058448791504,
      7.348052024841309,
      7.127808570861816,
      6.95646333694458,
      6.896082401275635,
      6.695864677429199,
      6.466065406799316,
      6.226146697998047,
      6.148731708526611,
      6.121845245361328,
      5.9188127517700195
    ]
  },
  "separation": {
    "silhouette_score": 0.039262641221284866,
    "davies_bouldin_index": 4.996201581499886
  },
  "uniformity": -1.0528582334518433
}