{
  "exp_name": "supervised_resnet18",
  "collapse": {
    "mean_std": 0.19479277729988098,
    "dead_dims": 0,
    "effective_rank": 50.18428039550781,
    "singular_values": [
      196.35643005371094,
      168.81765747070312,
      167.33175659179688,
      157.84043884277344,
      154.07594299316406,
      151.06715393066406,
      145.95872497558594,
      141.5648956298828,
      136.97616577148438,
      18.924015045166016,
      15.748882293701172,
      14.344987869262695,
      13.705513954162598,
      13.431742668151855,
      12.780845642089844,
      12.517871856689453,
      11.873435020446777,
      11.246126174926758,
      10.920133590698242,
      10.323461532592773
    ]
  },
  "separation": {
    "silhouette_score": 0.8229863047599792,
    "davies_bouldin_index": 0.4838008377646935
  },
  "uniformity": -2.133089065551758
}