{
  "exp_name": "temp_010",
  "collapse": {
    "mean_std": 0.025121614336967468,
    "dead_dims": 0,
    "effective_rank": 304.06842041015625,
    "singular_values": [
      19.358848571777344,
      15.209665298461914,
      13.957070350646973,
      13.103774070739746,
      11.657976150512695,
      11.325165748596191,
      10.931427955627441,
      9.800846099853516,
      8.941083908081055,
      8.61661148071289,
      8.291715621948242,
      7.854494094848633,
      7.770937442779541,
      7.552563667297363,
      7.350357532501221,
      7.193204879760742,
      6.8766188621521,
      6.812728404998779,
      6.526836395263672,
      6.349712371826172
    ]
  },
  "separation": {
    "silhouette_score": 0.06614716351032257,
    "davies_bouldin_index": 4.296448510917937
  },
  "uniformity": -1.3270936012268066
}