{
  "exp_name": "batch_64",
  "collapse": {
    "mean_std": 0.022741030901670456,
    "dead_dims": 0,
    "effective_rank": 295.9744873046875,
    "singular_values": [
      17.72747039794922,
      14.20397663116455,
      12.90112018585205,
      11.999704360961914,
      10.858550071716309,
      10.306408882141113,
      10.087515830993652,
      8.67772388458252,
      8.349175453186035,
      8.163603782653809,
      7.59183931350708,
      7.2759013175964355,
      7.147972583770752,
      6.967203617095947,
      6.938355445861816,
      6.696681499481201,
      6.354167938232422,
      6.2769551277160645,
      6.1681952476501465,
      5.952694416046143
    ]
  },
  "separation": {
    "silhouette_score": 0.03792760521173477,
    "davies_bouldin_index": 4.761530526099076
  },
  "uniformity": -1.0868635177612305
}