{
  "exp_name": "batch_128",
  "collapse": {
    "mean_std": 0.02202412486076355,
    "dead_dims": 0,
    "effective_rank": 302.7911071777344,
    "singular_values": [
      16.395130157470703,
      13.433238983154297,
      11.764437675476074,
      11.188089370727539,
      9.986754417419434,
      9.700469970703125,
      9.492446899414062,
      8.271674156188965,
      7.886307239532471,
      7.662332057952881,
      7.377951145172119,
      7.095061302185059,
      6.99006462097168,
      6.9340128898620605,
      6.612225532531738,
      6.399035453796387,
      6.269396781921387,
      6.14438533782959,
      6.015796661376953,
      5.804018974304199
    ]
  },
  "separation": {
    "silhouette_score": 0.03871886804699898,
    "davies_bouldin_index": 5.1239071486796615
  },
  "uniformity": -1.0212377309799194
}