{
  "exp_name": "aug_full",
  "collapse": {
    "mean_std": 0.022424953058362007,
    "dead_dims": 0,
    "effective_rank": 307.23956298828125,
    "singular_values": [
      16.958972930908203,
      13.356697082519531,
      11.87491512298584,
      11.085606575012207,
      9.890573501586914,
      9.641180038452148,
      9.376619338989258,
      8.543305397033691,
      8.219295501708984,
      7.8607892990112305,
      7.441380500793457,
      7.2545037269592285,
      7.039159774780273,
      6.8147687911987305,
      6.6297407150268555,
      6.414450645446777,
      6.2738356590271,
      6.205066680908203,
      6.058197498321533,
      5.891567230224609
    ]
  },
  "separation": {
    "silhouette_score": 0.04401520639657974,
    "davies_bouldin_index": 4.729367571522949
  },
  "uniformity": -1.0571036338806152
}