{
  "exp_name": "proj_3layer",
  "collapse": {
    "mean_std": 0.021053485572338104,
    "dead_dims": 0,
    "effective_rank": 302.4527587890625,
    "singular_values": [
      14.078824043273926,
      11.856810569763184,
      10.659683227539062,
      10.40636920928955,
      9.59328842163086,
      9.282954216003418,
      8.923587799072266,
      8.234058380126953,
      8.062121391296387,
      7.36384916305542,
      7.292030334472656,
      7.225320816040039,
      6.964417457580566,
      6.828475475311279,
      6.81479024887085,
      6.541965484619141,
      6.269130229949951,
      6.1770477294921875,
      5.933475017547607,
      5.793220520019531
    ]
  },
  "separation": {
    "silhouette_score": 0.041027095168828964,
    "davies_bouldin_index": 4.82054747822338
  },
  "uniformity": -0.9124633073806763
}